{
    "bodyTemplate7Data": {
        "type": "object",
        "objectId": "bt7Sample",
        "title": "The circle of fifths",
        "backgroundImage": {
            "contentDescription": null,
            "smallSourceUrl": null,
            "largeSourceUrl": null,
            "sources": [

                
            ]
        },
        "image": {
            "contentDescription": null,
            "smallSourceUrl": null,
            "largeSourceUrl": null,
            "sources": [
                {
                "url": "https://circle-of-fifths.s3-eu-west-1.amazonaws.com/icon_54_54v3.png"
                }
            ]
        },
        "text": {
            "level": "",
            "drill": "",
            "question": "",
            "score": ""
        },
    
        "hintText": "Try, \"Alexa, search for circle of fifths\""
    }
}